first_name,last_name,email,tipo_solicitud,fecha,prioridad,identificador,estado,resultado,error
Ana,Rodríguez,ana.rodríguez0@example.com,consulta,2024-01-01,baja,CON-20280000,pendiente,registrado,
Gabriela,Jiménez,gabriela.jiménez1@example.com,consulta,2024-01-02,alta,CON-20280001,pendiente,registrado,
Sofía,Sánchez,sofía.sánchez2@example.com,consulta,2024-01-03,alta,CON-20280002,en_proceso,registrado,
Ricardo,Ruiz,ricardo.ruiz3@example.com,consulta,2024-01-04,media,CON-20280003,en_proceso,registrado,
Pedro,Hernández,pedro.hernández4@example.com,consulta,2024-01-05,alta,CON-20280004,en_proceso,registrado,
Carmen,Rivera,carmen.rivera5@example.com,consulta,2024-01-06,media,CON-20280005,pendiente,registrado,
Gabriela,Jiménez,gabriela.jiménez6@example.com,consulta,2024-01-07,alta,CON-20280006,completada,registrado,
Sofía,Sánchez,sofía.sánchez7@example.com,consulta,2024-01-08,media,CON-20280007,en_proceso,registrado,
Carmen,Rivera,carmen.rivera8@example.com,consulta,2024-01-09,baja,CON-20280008,completada,registrado,
